Edgecode;Motif
111212;M001
111213;M003
111214;M005
111221;L001
111222;I001
111223;I003
111224;I009
111231;L002
111232;I005
111233;I007
111234;I010
111241;L004
111242;I011
111243;I012
111244;I013
111312;M002
111313;M004
111314;M006
111321;L002
111322;I002
111323;I004
111324;I014
111331;L003
111332;I006
111333;I008
111334;I015
111341;L005
111342;I016
111343;I017
111344;I018
111412;M007
111413;M008
111414;M009
111421;L004
111422;I019
111423;I020
111424;I021
111431;L005
111432;I022
111433;I023
111434;I024
111441;L006
111442;I025
111443;I026
111444;I027
112112;K001
112113;K002
112114;K004
112121;M001
112122;J001
112123;J003
112124;J009
112131;M002
112132;J005
112133;J007
112134;J010
112141;M007
112142;J011
112143;J012
112144;J013
112212;J001
112213;J002
112214;J014
112221;I001
112222;H001
112223;H004
112224;H011
112231;I002
112232;H005
112233;H002
112234;H012
112241;I019
112242;H013
112243;H014
112244;H015
112312;J005
112313;J006
112314;J015
112321;I005
112322;H005
112323;H010
112324;H016
112331;I006
112332;H008
112333;H006
112334;H017
112341;I022
112342;H018
112343;H019
112344;H020
112412;J011
112413;J016
112414;J017
112421;I011
112422;H013
112423;H021
112424;H022
112431;I016
112432;H018
112433;H023
112434;H024
112441;I025
112442;H025
112443;H026
112444;H027
113112;K002
113113;K003
113114;K005
113121;M003
113122;J002
113123;J004
113124;J018
113131;M004
113132;J006
113133;J008
113134;J019
113141;M008
113142;J016
113143;J020
113144;J021
113212;J003
113213;J004
113214;J022
113221;I003
113222;H004
113223;H009
113224;H028
113231;I004
113232;H010
113233;H007
113234;H029
113241;I020
113242;H021
113243;H030
113244;H031
113312;J007
113313;J008
113314;J023
113321;I007
113322;H002
113323;H007
113324;H032
113331;I008
113332;H006
113333;H003
113334;H033
113341;I023
113342;H023
113343;H034
113344;H035
113412;J012
113413;J020
113414;J024
113421;I012
113422;H014
113423;H030
113424;H036
113431;I017
113432;H019
113433;H034
113434;H037
113441;I026
113442;H026
113443;H038
113444;H039
114112;K004
114113;K005
114114;K006
114121;M005
114122;J014
114123;J022
114124;J025
114131;M006
114132;J015
114133;J023
114134;J026
114141;M009
114142;J017
114143;J024
114144;J027
114212;J009
114213;J018
114214;J025
114221;I009
114222;H011
114223;H028
114224;H040
114231;I014
114232;H016
114233;H032
114234;H041
114241;I021
114242;H022
114243;H036
114244;H042
114312;J010
114313;J019
114314;J026
114321;I010
114322;H012
114323;H029
114324;H041
114331;I015
114332;H017
114333;H033
114334;H043
114341;I024
114342;H024
114343;H037
114344;H044
114412;J013
114413;J021
114414;J027
114421;I013
114422;H015
114423;H031
114424;H042
114431;I018
114432;H020
114433;H035
114434;H044
114441;I027
114442;H027
114443;H039
114444;H045
121112;M001
121113;M002
121114;M007
121121;K001
121122;J001
121123;J005
121124;J011
121131;K002
121132;J003
121133;J007
121134;J012
121141;K004
121142;J009
121143;J010
121144;J013
121211;M001
121212;D001
121213;D002
121214;D005
121221;F001
121222;C001
121223;C009
121224;C017
121231;F003
121232;C005
121233;C013
121234;C018
121241;F009
121242;C019
121243;C020
121244;C021
121311;M003
121312;D002
121313;D003
121314;D006
121321;F002
121322;C003
121323;C011
121324;C022
121331;F004
121332;C007
121333;C015
121334;C023
121341;F010
121342;C024
121343;C025
121344;C026
121411;M005
121412;D005
121413;D007
121414;D008
121421;F011
121422;C027
121423;C028
121424;C029
121431;F012
121432;C030
121433;C031
121434;C032
121441;F013
121442;C033
121443;C034
121444;C035
122111;L001
122112;F001
122113;F005
122114;F014
122121;F001
122122;E001
122123;E007
122124;E011
122131;F005
122132;E007
122133;E004
122134;E012
122141;F014
122142;E011
122143;E012
122144;E013
122211;I001
122212;C001
122213;C002
122214;C036
122221;G001
122222;B001
122223;B014
122224;B033
122231;G002
122232;B010
122233;B012
122234;B034
122241;G011
122242;B035
122243;B036
122244;B037
122311;I003
122312;C009
122313;C010
122314;C037
122321;G007
122322;B005
122323;B016
122324;B038
122331;G008
122332;B008
122333;B006
122334;B039
122341;G012
122342;B040
122343;B041
122344;B042
122411;I009
122412;C017
122413;C038
122414;C039
122421;G013
122422;B043
122423;B044
122424;B045
122431;G014
122432;B046
122433;B047
122434;B048
122441;G015
122442;B049
122443;B050
122444;B051
123111;L002
123112;F003
123113;F007
123114;F015
123121;F002
123122;E002
123123;E009
123124;E014
123131;F006
123132;E008
123133;E005
123134;E015
123141;F016
123142;E016
123143;E017
123144;E018
123211;I005
123212;C005
123213;C006
123214;C040
123221;G007
123222;B004
123223;B013
123224;B052
123231;G009
123232;B009
123233;B007
123234;B053
123241;G016
123242;B054
123243;B055
123244;B056
123311;I007
123312;C013
123313;C014
123314;C041
123321;G004
123322;B002
123323;B015
123324;B057
123331;G005
123332;B011
123333;B003
123334;B058
123341;G017
123342;B059
123343;B060
123344;B061
123411;I010
123412;C018
123413;C042
123414;C043
123421;G018
123422;B062
123423;B063
123424;B064
123431;G019
123432;B065
123433;B066
123434;B067
123441;G020
123442;B068
123443;B069
123444;B070
124111;L004
124112;F009
124113;F017
124114;F018
124121;F011
124122;E019
124123;E020
124124;E021
124131;F019
124132;E022
124133;E023
124134;E024
124141;F020
124142;E025
124143;E026
124144;E027
124211;I011
124212;C019
124213;C044
124214;C045
124221;G013
124222;B071
124223;B072
124224;B073
124231;G021
124232;B074
124233;B075
124234;B076
124241;G022
124242;B077
124243;B078
124244;B079
124311;I012
124312;C020
124313;C046
124314;C047
124321;G018
124322;B080
124323;B081
124324;B082
124331;G023
124332;B083
124333;B084
124334;B085
124341;G024
124342;B086
124343;B087
124344;B088
124411;I013
124412;C021
124413;C048
124414;C049
124421;G025
124422;B089
124423;B090
124424;B091
124431;G026
124432;B092
124433;B093
124434;B094
124441;G027
124442;B095
124443;B096
124444;B097
131112;M003
131113;M004
131114;M008
131121;K002
131122;J002
131123;J006
131124;J016
131131;K003
131132;J004
131133;J008
131134;J020
131141;K005
131142;J018
131143;J019
131144;J021
131211;M002
131212;D002
131213;D003
131214;D007
131221;F005
131222;C002
131223;C010
131224;C038
131231;F007
131232;C006
131233;C014
131234;C042
131241;F017
131242;C044
131243;C046
131244;C048
131311;M004
131312;D003
131313;D004
131314;D009
131321;F006
131322;C004
131323;C008
131324;C050
131331;F008
131332;C012
131333;C016
131334;C051
131341;F021
131342;C052
131343;C053
131344;C054
131411;M006
131412;D006
131413;D009
131414;D010
131421;F019
131422;C055
131423;C056
131424;C057
131431;F022
131432;C058
131433;C059
131434;C060
131441;F023
131442;C061
131443;C062
131444;C063
132111;L002
132112;F002
132113;F006
132114;F016
132121;F003
132122;E002
132123;E008
132124;E016
132131;F007
132132;E009
132133;E005
132134;E017
132141;F015
132142;E014
132143;E015
132144;E018
132211;I002
132212;C003
132213;C004
132214;C064
132221;G002
132222;B017
132223;B030
132224;B098
132231;G003
132232;B026
132233;B028
132234;B099
132241;G028
132242;B100
132243;B101
132244;B102
132311;I004
132312;C011
132313;C008
132314;C065
132321;G009
132322;B021
132323;B032
132324;B103
132331;G010
132332;B024
132333;B022
132334;B104
132341;G029
132342;B105
132343;B106
132344;B107
132411;I014
132412;C022
132413;C050
132414;C066
132421;G021
132422;B108
132423;B109
132424;B110
132431;G030
132432;B111
132433;B112
132434;B113
132441;G031
132442;B114
132443;B115
132444;B116
133111;L003
133112;F004
133113;F008
133114;F024
133121;F004
133122;E003
133123;E010
133124;E028
133131;F008
133132;E010
133133;E006
133134;E029
133141;F024
133142;E028
133143;E029
133144;E030
133211;I006
133212;C007
133213;C012
133214;C067
133221;G008
133222;B020
133223;B029
133224;B117
133231;G010
133232;B025
133233;B023
133234;B118
133241;G032
133242;B119
133243;B120
133244;B121
133311;I008
133312;C015
133313;C016
133314;C068
133321;G005
133322;B018
133323;B031
133324;B122
133331;G006
133332;B027
133333;B019
133334;B123
133341;G033
133342;B124
133343;B125
133344;B126
133411;I015
133412;C023
133413;C051
133414;C069
133421;G023
133422;B127
133423;B128
133424;B129
133431;G034
133432;B130
133433;B131
133434;B132
133441;G035
133442;B133
133443;B134
133444;B135
134111;L005
134112;F010
134113;F021
134114;F025
134121;F012
134122;E031
134123;E032
134124;E033
134131;F022
134132;E034
134133;E035
134134;E036
134141;F026
134142;E037
134143;E038
134144;E039
134211;I016
134212;C024
134213;C052
134214;C070
134221;G014
134222;B136
134223;B137
134224;B138
134231;G030
134232;B139
134233;B140
134234;B141
134241;G036
134242;B142
134243;B143
134244;B144
134311;I017
134312;C025
134313;C053
134314;C071
134321;G019
134322;B145
134323;B146
134324;B147
134331;G034
134332;B148
134333;B149
134334;B150
134341;G037
134342;B151
134343;B152
134344;B153
134411;I018
134412;C026
134413;C054
134414;C072
134421;G026
134422;B154
134423;B155
134424;B156
134431;G038
134432;B157
134433;B158
134434;B159
134441;G039
134442;B160
134443;B161
134444;B162
141112;M005
141113;M006
141114;M009
141121;K004
141122;J014
141123;J015
141124;J017
141131;K005
141132;J022
141133;J023
141134;J024
141141;K006
141142;J025
141143;J026
141144;J027
141211;M007
141212;D005
141213;D006
141214;D008
141221;F014
141222;C036
141223;C037
141224;C039
141231;F015
141232;C040
141233;C041
141234;C043
141241;F018
141242;C045
141243;C047
141244;C049
141311;M008
141312;D007
141313;D009
141314;D010
141321;F016
141322;C064
141323;C065
141324;C066
141331;F024
141332;C067
141333;C068
141334;C069
141341;F025
141342;C070
141343;C071
141344;C072
141411;M009
141412;D008
141413;D010
141414;D011
141421;F020
141422;C073
141423;C074
141424;C075
141431;F026
141432;C076
141433;C077
141434;C078
141441;F027
141442;C079
141443;C080
141444;C081
142111;L004
142112;F011
142113;F019
142114;F020
142121;F009
142122;E019
142123;E022
142124;E025
142131;F017
142132;E020
142133;E023
142134;E026
142141;F018
142142;E021
142143;E024
142144;E027
142211;I019
142212;C027
142213;C055
142214;C073
142221;G011
142222;B163
142223;B164
142224;B165
142231;G028
142232;B166
142233;B167
142234;B168
142241;G040
142242;B169
142243;B170
142244;B171
142311;I020
142312;C028
142313;C056
142314;C074
142321;G016
142322;B172
142323;B173
142324;B174
142331;G032
142332;B175
142333;B176
142334;B177
142341;G041
142342;B178
142343;B179
142344;B180
142411;I021
142412;C029
142413;C057
142414;C075
142421;G022
142422;B181
142423;B182
142424;B183
142431;G036
142432;B184
142433;B185
142434;B186
142441;G042
142442;B187
142443;B188
142444;B189
143111;L005
143112;F012
143113;F022
143114;F026
143121;F010
143122;E031
143123;E034
143124;E037
143131;F021
143132;E032
143133;E035
143134;E038
143141;F025
143142;E033
143143;E036
143144;E039
143211;I022
143212;C030
143213;C058
143214;C076
143221;G012
143222;B190
143223;B191
143224;B192
143231;G029
143232;B193
143233;B194
143234;B195
143241;G041
143242;B196
143243;B197
143244;B198
143311;I023
143312;C031
143313;C059
143314;C077
143321;G017
143322;B199
143323;B200
143324;B201
143331;G033
143332;B202
143333;B203
143334;B204
143341;G043
143342;B205
143343;B206
143344;B207
143411;I024
143412;C032
143413;C060
143414;C078
143421;G024
143422;B208
143423;B209
143424;B210
143431;G037
143432;B211
143433;B212
143434;B213
143441;G044
143442;B214
143443;B215
143444;B216
144111;L006
144112;F013
144113;F023
144114;F027
144121;F013
144122;E040
144123;E041
144124;E042
144131;F023
144132;E041
144133;E043
144134;E044
144141;F027
144142;E042
144143;E044
144144;E045
144211;I025
144212;C033
144213;C061
144214;C079
144221;G015
144222;B217
144223;B218
144224;B219
144231;G031
144232;B220
144233;B221
144234;B222
144241;G042
144242;B223
144243;B224
144244;B225
144311;I026
144312;C034
144313;C062
144314;C080
144321;G020
144322;B226
144323;B227
144324;B228
144331;G035
144332;B229
144333;B230
144334;B231
144341;G044
144342;B232
144343;B233
144344;B234
144411;I027
144412;C035
144413;C063
144414;C081
144421;G027
144422;B235
144423;B236
144424;B237
144431;G039
144432;B238
144433;B239
144434;B240
144441;G045
144442;B241
144443;B242
144444;B243
211112;L001
211113;L002
211114;L004
211121;M001
211122;I001
211123;I005
211124;I011
211131;M003
211132;I003
211133;I007
211134;I012
211141;M005
211142;I009
211143;I010
211144;I013
211211;K001
211212;F001
211213;F002
211214;F011
211221;F001
211222;G001
211223;G007
211224;G013
211231;F002
211232;G007
211233;G004
211234;G018
211241;F011
211242;G013
211243;G018
211244;G025
211311;K002
211312;F005
211313;F006
211314;F019
211321;F003
211322;G002
211323;G009
211324;G021
211331;F004
211332;G008
211333;G005
211334;G023
211341;F012
211342;G014
211343;G019
211344;G026
211411;K004
211412;F014
211413;F016
211414;F020
211421;F009
211422;G011
211423;G016
211424;G022
211431;F010
211432;G012
211433;G017
211434;G024
211441;F013
211442;G015
211443;G020
211444;G027
212111;M001
212112;F001
212113;F003
212114;F009
212121;D001
212122;C001
212123;C005
212124;C019
212131;D002
212132;C009
212133;C013
212134;C020
212141;D005
212142;C017
212143;C018
212144;C021
212211;J001
212212;E001
212213;E002
212214;E019
212221;C001
212222;B001
212223;B004
212224;B071
212231;C003
212232;B005
212233;B002
212234;B080
212241;C027
212242;B043
212243;B062
212244;B089
212311;J003
212312;E007
212313;E008
212314;E022
212321;C005
212322;B010
212323;B009
212324;B074
212331;C007
212332;B008
212333;B011
212334;B083
212341;C030
212342;B046
212343;B065
212344;B092
212411;J009
212412;E011
212413;E016
212414;E025
212421;C019
212422;B035
212423;B054
212424;B077
212431;C024
212432;B040
212433;B059
212434;B086
212441;C033
212442;B049
212443;B068
212444;B095
213111;M002
213112;F005
213113;F007
213114;F017
213121;D002
213122;C002
213123;C006
213124;C044
213131;D003
213132;C010
213133;C014
213134;C046
213141;D007
213142;C038
213143;C042
213144;C048
213211;J005
213212;E007
213213;E009
213214;E020
213221;C009
213222;B014
213223;B013
213224;B072
213231;C011
213232;B016
213233;B015
213234;B081
213241;C028
213242;B044
213243;B063
213244;B090
213311;J007
213312;E004
213313;E005
213314;E023
213321;C013
213322;B012
213323;B007
213324;B075
213331;C015
213332;B006
213333;B003
213334;B084
213341;C031
213342;B047
213343;B066
213344;B093
213411;J010
213412;E012
213413;E017
213414;E026
213421;C020
213422;B036
213423;B055
213424;B078
213431;C025
213432;B041
213433;B060
213434;B087
213441;C034
213442;B050
213443;B069
213444;B096
214111;M007
214112;F014
214113;F015
214114;F018
214121;D005
214122;C036
214123;C040
214124;C045
214131;D006
214132;C037
214133;C041
214134;C047
214141;D008
214142;C039
214143;C043
214144;C049
214211;J011
214212;E011
214213;E014
214214;E021
214221;C017
214222;B033
214223;B052
214224;B073
214231;C022
214232;B038
214233;B057
214234;B082
214241;C029
214242;B045
214243;B064
214244;B091
214311;J012
214312;E012
214313;E015
214314;E024
214321;C018
214322;B034
214323;B053
214324;B076
214331;C023
214332;B039
214333;B058
214334;B085
214341;C032
214342;B048
214343;B067
214344;B094
214411;J013
214412;E013
214413;E018
214414;E027
214421;C021
214422;B037
214423;B056
214424;B079
214431;C026
214432;B042
214433;B061
214434;B088
214441;C035
214442;B051
214443;B070
214444;B097
221112;I001
221113;I002
221114;I019
221121;J001
221122;H001
221123;H005
221124;H013
221131;J002
221132;H004
221133;H002
221134;H014
221141;J014
221142;H011
221143;H012
221144;H015
221211;J001
221212;C001
221213;C003
221214;C027
221221;E001
221222;B001
221223;B005
221224;B043
221231;E002
221232;B004
221233;B002
221234;B062
221241;E019
221242;B071
221243;B080
221244;B089
221311;J002
221312;C002
221313;C004
221314;C055
221321;E002
221322;B017
221323;B021
221324;B108
221331;E003
221332;B020
221333;B018
221334;B127
221341;E031
221342;B136
221343;B145
221344;B154
221411;J014
221412;C036
221413;C064
221414;C073
221421;E019
221422;B163
221423;B172
221424;B181
221431;E031
221432;B190
221433;B199
221434;B208
221441;E040
221442;B217
221443;B226
221444;B235
222111;I001
222112;G001
222113;G002
222114;G011
222121;C001
222122;B001
222123;B010
222124;B035
222131;C002
222132;B014
222133;B012
222134;B036
222141;C036
222142;B033
222143;B034
222144;B037
222211;H001
222212;B001
222213;B017
222214;B163
222221;B001
222222;A001
222223;A005
222224;A017
222231;B017
222232;A005
222233;A002
222234;A018
222241;B163
222242;A017
222243;A018
222244;A019
222311;H004
222312;B014
222313;B030
222314;B164
222321;B004
222322;A005
222323;A013
222324;A020
222331;B020
222332;A009
222333;A007
222334;A021
222341;B190
222342;A022
222343;A023
222344;A024
222411;H011
222412;B033
222413;B098
222414;B165
222421;B071
222422;A017
222423;A025
222424;A026
222431;B136
222432;A022
222433;A027
222434;A028
222441;B217
222442;A029
222443;A030
222444;A031
223111;I002
223112;G002
223113;G003
223114;G028
223121;C003
223122;B017
223123;B026
223124;B100
223131;C004
223132;B030
223133;B028
223134;B101
223141;C064
223142;B098
223143;B099
223144;B102
223211;H005
223212;B010
223213;B026
223214;B166
223221;B005
223222;A005
223223;A011
223224;A032
223231;B021
223232;A013
223233;A006
223234;A033
223241;B172
223242;A025
223243;A034
223244;A035
223311;H002
223312;B012
223313;B028
223314;B167
223321;B002
223322;A002
223323;A006
223324;A036
223331;B018
223332;A007
223333;A003
223334;A037
223341;B199
223342;A027
223343;A038
223344;A039
223411;H012
223412;B034
223413;B099
223414;B168
223421;B080
223422;A018
223423;A034
223424;A040
223431;B145
223432;A023
223433;A038
223434;A041
223441;B226
223442;A030
223443;A042
223444;A043
224111;I019
224112;G011
224113;G028
224114;G040
224121;C027
224122;B163
224123;B166
224124;B169
224131;C055
224132;B164
224133;B167
224134;B170
224141;C073
224142;B165
224143;B168
224144;B171
224211;H013
224212;B035
224213;B100
224214;B169
224221;B043
224222;A017
224223;A032
224224;A044
224231;B108
224232;A020
224233;A036
224234;A045
224241;B181
224242;A026
224243;A040
224244;A046
224311;H014
224312;B036
224313;B101
224314;B170
224321;B062
224322;A018
224323;A033
224324;A045
224331;B127
224332;A021
224333;A037
224334;A047
224341;B208
224342;A028
224343;A041
224344;A048
224411;H015
224412;B037
224413;B102
224414;B171
224421;B089
224422;A019
224423;A035
224424;A046
224431;B154
224432;A024
224433;A039
224434;A048
224441;B235
224442;A031
224443;A043
224444;A049
231112;I003
231113;I004
231114;I020
231121;J003
231122;H004
231123;H010
231124;H021
231131;J004
231132;H009
231133;H007
231134;H030
231141;J022
231142;H028
231143;H029
231144;H031
231211;J005
231212;C009
231213;C011
231214;C028
231221;E007
231222;B014
231223;B016
231224;B044
231231;E009
231232;B013
231233;B015
231234;B063
231241;E020
231242;B072
231243;B081
231244;B090
231311;J006
231312;C010
231313;C008
231314;C056
231321;E008
231322;B030
231323;B032
231324;B109
231331;E010
231332;B029
231333;B031
231334;B128
231341;E032
231342;B137
231343;B146
231344;B155
231411;J015
231412;C037
231413;C065
231414;C074
231421;E022
231422;B164
231423;B173
231424;B182
231431;E034
231432;B191
231433;B200
231434;B209
231441;E041
231442;B218
231443;B227
231444;B236
232111;I005
232112;G007
232113;G009
232114;G016
232121;C005
232122;B004
232123;B009
232124;B054
232131;C006
232132;B013
232133;B007
232134;B055
232141;C040
232142;B052
232143;B053
232144;B056
232211;H005
232212;B005
232213;B021
232214;B172
232221;B010
232222;A005
232223;A013
232224;A025
232231;B026
232232;A011
232233;A006
232234;A034
232241;B166
232242;A032
232243;A033
232244;A035
232311;H010
232312;B016
232313;B032
232314;B173
232321;B009
232322;A013
232323;A016
232324;A050
232331;B025
232332;A015
232333;A014
232334;A051
232341;B193
232342;A052
232343;A053
232344;A054
232411;H016
232412;B038
232413;B103
232414;B174
232421;B074
232422;A020
232423;A050
232424;A055
232431;B139
232432;A056
232433;A057
232434;A058
232441;B220
232442;A059
232443;A060
232444;A061
233111;I006
233112;G008
233113;G010
233114;G032
233121;C007
233122;B020
233123;B025
233124;B119
233131;C012
233132;B029
233133;B023
233134;B120
233141;C067
233142;B117
233143;B118
233144;B121
233211;H008
233212;B008
233213;B024
233214;B175
233221;B008
233222;A009
233223;A015
233224;A062
233231;B024
233232;A015
233233;A010
233234;A063
233241;B175
233242;A062
233243;A063
233244;A064
233311;H006
233312;B006
233313;B022
233314;B176
233321;B011
233322;A007
233323;A014
233324;A065
233331;B027
233332;A012
233333;A008
233334;A066
233341;B202
233342;A067
233343;A068
233344;A069
233411;H017
233412;B039
233413;B104
233414;B177
233421;B083
233422;A021
233423;A051
233424;A070
233431;B148
233432;A071
233433;A072
233434;A073
233441;B229
233442;A074
233443;A075
233444;A076
234111;I022
234112;G012
234113;G029
234114;G041
234121;C030
234122;B190
234123;B193
234124;B196
234131;C058
234132;B191
234133;B194
234134;B197
234141;C076
234142;B192
234143;B195
234144;B198
234211;H018
234212;B040
234213;B105
234214;B178
234221;B046
234222;A022
234223;A052
234224;A077
234231;B111
234232;A056
234233;A078
234234;A079
234241;B184
234242;A080
234243;A081
234244;A082
234311;H019
234312;B041
234313;B106
234314;B179
234321;B065
234322;A023
234323;A053
234324;A083
234331;B130
234332;A071
234333;A084
234334;A085
234341;B211
234342;A086
234343;A087
234344;A088
234411;H020
234412;B042
234413;B107
234414;B180
234421;B092
234422;A024
234423;A054
234424;A089
234431;B157
234432;A090
234433;A091
234434;A092
234441;B238
234442;A093
234443;A094
234444;A095
241112;I009
241113;I014
241114;I021
241121;J009
241122;H011
241123;H016
241124;H022
241131;J018
241132;H028
241133;H032
241134;H036
241141;J025
241142;H040
241143;H041
241144;H042
241211;J011
241212;C017
241213;C022
241214;C029
241221;E011
241222;B033
241223;B038
241224;B045
241231;E014
241232;B052
241233;B057
241234;B064
241241;E021
241242;B073
241243;B082
241244;B091
241311;J016
241312;C038
241313;C050
241314;C057
241321;E016
241322;B098
241323;B103
241324;B110
241331;E028
241332;B117
241333;B122
241334;B129
241341;E033
241342;B138
241343;B147
241344;B156
241411;J017
241412;C039
241413;C066
241414;C075
241421;E025
241422;B165
241423;B174
241424;B183
241431;E037
241432;B192
241433;B201
241434;B210
241441;E042
241442;B219
241443;B228
241444;B237
242111;I011
242112;G013
242113;G021
242114;G022
242121;C019
242122;B071
242123;B074
242124;B077
242131;C044
242132;B072
242133;B075
242134;B078
242141;C045
242142;B073
242143;B076
242144;B079
242211;H013
242212;B043
242213;B108
242214;B181
242221;B035
242222;A017
242223;A020
242224;A026
242231;B100
242232;A032
242233;A036
242234;A040
242241;B169
242242;A044
242243;A045
242244;A046
242311;H021
242312;B044
242313;B109
242314;B182
242321;B054
242322;A025
242323;A050
242324;A055
242331;B119
242332;A062
242333;A065
242334;A070
242341;B196
242342;A077
242343;A083
242344;A089
242411;H022
242412;B045
242413;B110
242414;B183
242421;B077
242422;A026
242423;A055
242424;A096
242431;B142
242432;A080
242433;A097
242434;A098
242441;B223
242442;A099
242443;A100
242444;A101
243111;I016
243112;G014
243113;G030
243114;G036
243121;C024
243122;B136
243123;B139
243124;B142
243131;C052
243132;B137
243133;B140
243134;B143
243141;C070
243142;B138
243143;B141
243144;B144
243211;H018
243212;B046
243213;B111
243214;B184
243221;B040
243222;A022
243223;A056
243224;A080
243231;B105
243232;A052
243233;A078
243234;A081
243241;B178
243242;A077
243243;A079
243244;A082
243311;H023
243312;B047
243313;B112
243314;B185
243321;B059
243322;A027
243323;A057
243324;A097
243331;B124
243332;A067
243333;A102
243334;A103
243341;B205
243342;A104
243343;A105
243344;A106
243411;H024
243412;B048
243413;B113
243414;B186
243421;B086
243422;A028
243423;A058
243424;A098
243431;B151
243432;A086
243433;A107
243434;A108
243441;B232
243442;A109
243443;A110
243444;A111
244111;I025
244112;G015
244113;G031
244114;G042
244121;C033
244122;B217
244123;B220
244124;B223
244131;C061
244132;B218
244133;B221
244134;B224
244141;C079
244142;B219
244143;B222
244144;B225
244211;H025
244212;B049
244213;B114
244214;B187
244221;B049
244222;A029
244223;A059
244224;A099
244231;B114
244232;A059
244233;A112
244234;A113
244241;B187
244242;A099
244243;A113
244244;A114
244311;H026
244312;B050
244313;B115
244314;B188
244321;B068
244322;A030
244323;A060
244324;A100
244331;B133
244332;A074
244333;A115
244334;A116
244341;B214
244342;A109
244343;A117
244344;A118
244411;H027
244412;B051
244413;B116
244414;B189
244421;B095
244422;A031
244423;A061
244424;A101
244431;B160
244432;A093
244433;A119
244434;A120
244441;B241
244442;A121
244443;A122
244444;A123
311112;L002
311113;L003
311114;L005
311121;M002
311122;I002
311123;I006
311124;I016
311131;M004
311132;I004
311133;I008
311134;I017
311141;M006
311142;I014
311143;I015
311144;I018
311211;K002
311212;F003
311213;F004
311214;F012
311221;F005
311222;G002
311223;G008
311224;G014
311231;F006
311232;G009
311233;G005
311234;G019
311241;F019
311242;G021
311243;G023
311244;G026
311311;K003
311312;F007
311313;F008
311314;F022
311321;F007
311322;G003
311323;G010
311324;G030
311331;F008
311332;G010
311333;G006
311334;G034
311341;F022
311342;G030
311343;G034
311344;G038
311411;K005
311412;F015
311413;F024
311414;F026
311421;F017
311422;G028
311423;G032
311424;G036
311431;F021
311432;G029
311433;G033
311434;G037
311441;F023
311442;G031
311443;G035
311444;G039
312111;M003
312112;F002
312113;F004
312114;F010
312121;D002
312122;C003
312123;C007
312124;C024
312131;D003
312132;C011
312133;C015
312134;C025
312141;D006
312142;C022
312143;C023
312144;C026
312211;J002
312212;E002
312213;E003
312214;E031
312221;C002
312222;B017
312223;B020
312224;B136
312231;C004
312232;B021
312233;B018
312234;B145
312241;C055
312242;B108
312243;B127
312244;B154
312311;J004
312312;E009
312313;E010
312314;E034
312321;C006
312322;B026
312323;B025
312324;B139
312331;C012
312332;B024
312333;B027
312334;B148
312341;C058
312342;B111
312343;B130
312344;B157
312411;J018
312412;E014
312413;E028
312414;E037
312421;C044
312422;B100
312423;B119
312424;B142
312431;C052
312432;B105
312433;B124
312434;B151
312441;C061
312442;B114
312443;B133
312444;B160
313111;M004
313112;F006
313113;F008
313114;F021
313121;D003
313122;C004
313123;C012
313124;C052
313131;D004
313132;C008
313133;C016
313134;C053
313141;D009
313142;C050
313143;C051
313144;C054
313211;J006
313212;E008
313213;E010
313214;E032
313221;C010
313222;B030
313223;B029
313224;B137
313231;C008
313232;B032
313233;B031
313234;B146
313241;C056
313242;B109
313243;B128
313244;B155
313311;J008
313312;E005
313313;E006
313314;E035
313321;C014
313322;B028
313323;B023
313324;B140
313331;C016
313332;B022
313333;B019
313334;B149
313341;C059
313342;B112
313343;B131
313344;B158
313411;J019
313412;E015
313413;E029
313414;E038
313421;C046
313422;B101
313423;B120
313424;B143
313431;C053
313432;B106
313433;B125
313434;B152
313441;C062
313442;B115
313443;B134
313444;B161
314111;M008
314112;F016
314113;F024
314114;F025
314121;D007
314122;C064
314123;C067
314124;C070
314131;D009
314132;C065
314133;C068
314134;C071
314141;D010
314142;C066
314143;C069
314144;C072
314211;J016
314212;E016
314213;E028
314214;E033
314221;C038
314222;B098
314223;B117
314224;B138
314231;C050
314232;B103
314233;B122
314234;B147
314241;C057
314242;B110
314243;B129
314244;B156
314311;J020
314312;E017
314313;E029
314314;E036
314321;C042
314322;B099
314323;B118
314324;B141
314331;C051
314332;B104
314333;B123
314334;B150
314341;C060
314342;B113
314343;B132
314344;B159
314411;J021
314412;E018
314413;E030
314414;E039
314421;C048
314422;B102
314423;B121
314424;B144
314431;C054
314432;B107
314433;B126
314434;B153
314441;C063
314442;B116
314443;B135
314444;B162
321112;I005
321113;I006
321114;I022
321121;J005
321122;H005
321123;H008
321124;H018
321131;J006
321132;H010
321133;H006
321134;H019
321141;J015
321142;H016
321143;H017
321144;H020
321211;J003
321212;C005
321213;C007
321214;C030
321221;E007
321222;B010
321223;B008
321224;B046
321231;E008
321232;B009
321233;B011
321234;B065
321241;E022
321242;B074
321243;B083
321244;B092
321311;J004
321312;C006
321313;C012
321314;C058
321321;E009
321322;B026
321323;B024
321324;B111
321331;E010
321332;B025
321333;B027
321334;B130
321341;E034
321342;B139
321343;B148
321344;B157
321411;J022
321412;C040
321413;C067
321414;C076
321421;E020
321422;B166
321423;B175
321424;B184
321431;E032
321432;B193
321433;B202
321434;B211
321441;E041
321442;B220
321443;B229
321444;B238
322111;I003
322112;G007
322113;G008
322114;G012
322121;C009
322122;B005
322123;B008
322124;B040
322131;C010
322132;B016
322133;B006
322134;B041
322141;C037
322142;B038
322143;B039
322144;B042
322211;H004
322212;B004
322213;B020
322214;B190
322221;B014
322222;A005
322223;A009
322224;A022
322231;B030
322232;A013
322233;A007
322234;A023
322241;B164
322242;A020
322243;A021
322244;A024
322311;H009
322312;B013
322313;B029
322314;B191
322321;B013
322322;A011
322323;A015
322324;A056
322331;B029
322332;A015
322333;A012
322334;A071
322341;B191
322342;A056
322343;A071
322344;A090
322411;H028
322412;B052
322413;B117
322414;B192
322421;B072
322422;A032
322423;A062
322424;A080
322431;B137
322432;A052
322433;A067
322434;A086
322441;B218
322442;A059
322443;A074
322444;A093
323111;I004
323112;G009
323113;G010
323114;G029
323121;C011
323122;B021
323123;B024
323124;B105
323131;C008
323132;B032
323133;B022
323134;B106
323141;C065
323142;B103
323143;B104
323144;B107
323211;H010
323212;B009
323213;B025
323214;B193
323221;B016
323222;A013
323223;A015
323224;A052
323231;B032
323232;A016
323233;A014
323234;A053
323241;B173
323242;A050
323243;A051
323244;A054
323311;H007
323312;B007
323313;B023
323314;B194
323321;B015
323322;A006
323323;A010
323324;A078
323331;B031
323332;A014
323333;A008
323334;A084
323341;B200
323342;A057
323343;A072
323344;A091
323411;H029
323412;B053
323413;B118
323414;B195
323421;B081
323422;A033
323423;A063
323424;A081
323431;B146
323432;A053
323433;A068
323434;A087
323441;B227
323442;A060
323443;A075
323444;A094
324111;I020
324112;G016
324113;G032
324114;G041
324121;C028
324122;B172
324123;B175
324124;B178
324131;C056
324132;B173
324133;B176
324134;B179
324141;C074
324142;B174
324143;B177
324144;B180
324211;H021
324212;B054
324213;B119
324214;B196
324221;B044
324222;A025
324223;A062
324224;A077
324231;B109
324232;A050
324233;A065
324234;A083
324241;B182
324242;A055
324243;A070
324244;A089
324311;H030
324312;B055
324313;B120
324314;B197
324321;B063
324322;A034
324323;A063
324324;A079
324331;B128
324332;A051
324333;A066
324334;A085
324341;B209
324342;A058
324343;A073
324344;A092
324411;H031
324412;B056
324413;B121
324414;B198
324421;B090
324422;A035
324423;A064
324424;A082
324431;B155
324432;A054
324433;A069
324434;A088
324441;B236
324442;A061
324443;A076
324444;A095
331112;I007
331113;I008
331114;I023
331121;J007
331122;H002
331123;H006
331124;H023
331131;J008
331132;H007
331133;H003
331134;H034
331141;J023
331142;H032
331143;H033
331144;H035
331211;J007
331212;C013
331213;C015
331214;C031
331221;E004
331222;B012
331223;B006
331224;B047
331231;E005
331232;B007
331233;B003
331234;B066
331241;E023
331242;B075
331243;B084
331244;B093
331311;J008
331312;C014
331313;C016
331314;C059
331321;E005
331322;B028
331323;B022
331324;B112
331331;E006
331332;B023
331333;B019
331334;B131
331341;E035
331342;B140
331343;B149
331344;B158
331411;J023
331412;C041
331413;C068
331414;C077
331421;E023
331422;B167
331423;B176
331424;B185
331431;E035
331432;B194
331433;B203
331434;B212
331441;E043
331442;B221
331443;B230
331444;B239
332111;I007
332112;G004
332113;G005
332114;G017
332121;C013
332122;B002
332123;B011
332124;B059
332131;C014
332132;B015
332133;B003
332134;B060
332141;C041
332142;B057
332143;B058
332144;B061
332211;H002
332212;B002
332213;B018
332214;B199
332221;B012
332222;A002
332223;A007
332224;A027
332231;B028
332232;A006
332233;A003
332234;A038
332241;B167
332242;A036
332243;A037
332244;A039
332311;H007
332312;B015
332313;B031
332314;B200
332321;B007
332322;A006
332323;A014
332324;A057
332331;B023
332332;A010
332333;A008
332334;A072
332341;B194
332342;A078
332343;A084
332344;A091
332411;H032
332412;B057
332413;B122
332414;B201
332421;B075
332422;A036
332423;A065
332424;A097
332431;B140
332432;A078
332433;A102
332434;A107
332441;B221
332442;A112
332443;A115
332444;A119
333111;I008
333112;G005
333113;G006
333114;G033
333121;C015
333122;B018
333123;B027
333124;B124
333131;C016
333132;B031
333133;B019
333134;B125
333141;C068
333142;B122
333143;B123
333144;B126
333211;H006
333212;B011
333213;B027
333214;B202
333221;B006
333222;A007
333223;A012
333224;A067
333231;B022
333232;A014
333233;A008
333234;A068
333241;B176
333242;A065
333243;A066
333244;A069
333311;H003
333312;B003
333313;B019
333314;B203
333321;B003
333322;A003
333323;A008
333324;A102
333331;B019
333332;A008
333333;A004
333334;A124
333341;B203
333342;A102
333343;A124
333344;A125
333411;H033
333412;B058
333413;B123
333414;B204
333421;B084
333422;A037
333423;A066
333424;A103
333431;B149
333432;A084
333433;A124
333434;A126
333441;B230
333442;A115
333443;A127
333444;A128
334111;I023
334112;G017
334113;G033
334114;G043
334121;C031
334122;B199
334123;B202
334124;B205
334131;C059
334132;B200
334133;B203
334134;B206
334141;C077
334142;B201
334143;B204
334144;B207
334211;H023
334212;B059
334213;B124
334214;B205
334221;B047
334222;A027
334223;A067
334224;A104
334231;B112
334232;A057
334233;A102
334234;A105
334241;B185
334242;A097
334243;A103
334244;A106
334311;H034
334312;B060
334313;B125
334314;B206
334321;B066
334322;A038
334323;A068
334324;A105
334331;B131
334332;A072
334333;A124
334334;A129
334341;B212
334342;A107
334343;A126
334344;A130
334411;H035
334412;B061
334413;B126
334414;B207
334421;B093
334422;A039
334423;A069
334424;A106
334431;B158
334432;A091
334433;A125
334434;A130
334441;B239
334442;A119
334443;A128
334444;A131
341112;I010
341113;I015
341114;I024
341121;J010
341122;H012
341123;H017
341124;H024
341131;J019
341132;H029
341133;H033
341134;H037
341141;J026
341142;H041
341143;H043
341144;H044
341211;J012
341212;C018
341213;C023
341214;C032
341221;E012
341222;B034
341223;B039
341224;B048
341231;E015
341232;B053
341233;B058
341234;B067
341241;E024
341242;B076
341243;B085
341244;B094
341311;J020
341312;C042
341313;C051
341314;C060
341321;E017
341322;B099
341323;B104
341324;B113
341331;E029
341332;B118
341333;B123
341334;B132
341341;E036
341342;B141
341343;B150
341344;B159
341411;J024
341412;C043
341413;C069
341414;C078
341421;E026
341422;B168
341423;B177
341424;B186
341431;E038
341432;B195
341433;B204
341434;B213
341441;E044
341442;B222
341443;B231
341444;B240
342111;I012
342112;G018
342113;G023
342114;G024
342121;C020
342122;B080
342123;B083
342124;B086
342131;C046
342132;B081
342133;B084
342134;B087
342141;C047
342142;B082
342143;B085
342144;B088
342211;H014
342212;B062
342213;B127
342214;B208
342221;B036
342222;A018
342223;A021
342224;A028
342231;B101
342232;A033
342233;A037
342234;A041
342241;B170
342242;A045
342243;A047
342244;A048
342311;H030
342312;B063
342313;B128
342314;B209
342321;B055
342322;A034
342323;A051
342324;A058
342331;B120
342332;A063
342333;A066
342334;A073
342341;B197
342342;A079
342343;A085
342344;A092
342411;H036
342412;B064
342413;B129
342414;B210
342421;B078
342422;A040
342423;A070
342424;A098
342431;B143
342432;A081
342433;A103
342434;A108
342441;B224
342442;A113
342443;A116
342444;A120
343111;I017
343112;G019
343113;G034
343114;G037
343121;C025
343122;B145
343123;B148
343124;B151
343131;C053
343132;B146
343133;B149
343134;B152
343141;C071
343142;B147
343143;B150
343144;B153
343211;H019
343212;B065
343213;B130
343214;B211
343221;B041
343222;A023
343223;A071
343224;A086
343231;B106
343232;A053
343233;A084
343234;A087
343241;B179
343242;A083
343243;A085
343244;A088
343311;H034
343312;B066
343313;B131
343314;B212
343321;B060
343322;A038
343323;A072
343324;A107
343331;B125
343332;A068
343333;A124
343334;A126
343341;B206
343342;A105
343343;A129
343344;A130
343411;H037
343412;B067
343413;B132
343414;B213
343421;B087
343422;A041
343423;A073
343424;A108
343431;B152
343432;A087
343433;A126
343434;A132
343441;B233
343442;A117
343443;A133
343444;A134
344111;I026
344112;G020
344113;G035
344114;G044
344121;C034
344122;B226
344123;B229
344124;B232
344131;C062
344132;B227
344133;B230
344134;B233
344141;C080
344142;B228
344143;B231
344144;B234
344211;H026
344212;B068
344213;B133
344214;B214
344221;B050
344222;A030
344223;A074
344224;A109
344231;B115
344232;A060
344233;A115
344234;A117
344241;B188
344242;A100
344243;A116
344244;A118
344311;H038
344312;B069
344313;B134
344314;B215
344321;B069
344322;A042
344323;A075
344324;A110
344331;B134
344332;A075
344333;A127
344334;A133
344341;B215
344342;A110
344343;A133
344344;A135
344411;H039
344412;B070
344413;B135
344414;B216
344421;B096
344422;A043
344423;A076
344424;A111
344431;B161
344432;A094
344433;A128
344434;A134
344441;B242
344442;A122
344443;A136
344444;A137
411112;L004
411113;L005
411114;L006
411121;M007
411122;I019
411123;I022
411124;I025
411131;M008
411132;I020
411133;I023
411134;I026
411141;M009
411142;I021
411143;I024
411144;I027
411211;K004
411212;F009
411213;F010
411214;F013
411221;F014
411222;G011
411223;G012
411224;G015
411231;F016
411232;G016
411233;G017
411234;G020
411241;F020
411242;G022
411243;G024
411244;G027
411311;K005
411312;F017
411313;F021
411314;F023
411321;F015
411322;G028
411323;G029
411324;G031
411331;F024
411332;G032
411333;G033
411334;G035
411341;F026
411342;G036
411343;G037
411344;G039
411411;K006
411412;F018
411413;F025
411414;F027
411421;F018
411422;G040
411423;G041
411424;G042
411431;F025
411432;G041
411433;G043
411434;G044
411441;F027
411442;G042
411443;G044
411444;G045
412111;M005
412112;F011
412113;F012
412114;F013
412121;D005
412122;C027
412123;C030
412124;C033
412131;D007
412132;C028
412133;C031
412134;C034
412141;D008
412142;C029
412143;C032
412144;C035
412211;J014
412212;E019
412213;E031
412214;E040
412221;C036
412222;B163
412223;B190
412224;B217
412231;C064
412232;B172
412233;B199
412234;B226
412241;C073
412242;B181
412243;B208
412244;B235
412311;J022
412312;E020
412313;E032
412314;E041
412321;C040
412322;B166
412323;B193
412324;B220
412331;C067
412332;B175
412333;B202
412334;B229
412341;C076
412342;B184
412343;B211
412344;B238
412411;J025
412412;E021
412413;E033
412414;E042
412421;C045
412422;B169
412423;B196
412424;B223
412431;C070
412432;B178
412433;B205
412434;B232
412441;C079
412442;B187
412443;B214
412444;B241
413111;M006
413112;F019
413113;F022
413114;F023
413121;D006
413122;C055
413123;C058
413124;C061
413131;D009
413132;C056
413133;C059
413134;C062
413141;D010
413142;C057
413143;C060
413144;C063
413211;J015
413212;E022
413213;E034
413214;E041
413221;C037
413222;B164
413223;B191
413224;B218
413231;C065
413232;B173
413233;B200
413234;B227
413241;C074
413242;B182
413243;B209
413244;B236
413311;J023
413312;E023
413313;E035
413314;E043
413321;C041
413322;B167
413323;B194
413324;B221
413331;C068
413332;B176
413333;B203
413334;B230
413341;C077
413342;B185
413343;B212
413344;B239
413411;J026
413412;E024
413413;E036
413414;E044
413421;C047
413422;B170
413423;B197
413424;B224
413431;C071
413432;B179
413433;B206
413434;B233
413441;C080
413442;B188
413443;B215
413444;B242
414111;M009
414112;F020
414113;F026
414114;F027
414121;D008
414122;C073
414123;C076
414124;C079
414131;D010
414132;C074
414133;C077
414134;C080
414141;D011
414142;C075
414143;C078
414144;C081
414211;J017
414212;E025
414213;E037
414214;E042
414221;C039
414222;B165
414223;B192
414224;B219
414231;C066
414232;B174
414233;B201
414234;B228
414241;C075
414242;B183
414243;B210
414244;B237
414311;J024
414312;E026
414313;E038
414314;E044
414321;C043
414322;B168
414323;B195
414324;B222
414331;C069
414332;B177
414333;B204
414334;B231
414341;C078
414342;B186
414343;B213
414344;B240
414411;J027
414412;E027
414413;E039
414414;E045
414421;C049
414422;B171
414423;B198
414424;B225
414431;C072
414432;B180
414433;B207
414434;B234
414441;C081
414442;B189
414443;B216
414444;B243
421112;I011
421113;I016
421114;I025
421121;J011
421122;H013
421123;H018
421124;H025
421131;J016
421132;H021
421133;H023
421134;H026
421141;J017
421142;H022
421143;H024
421144;H027
421211;J009
421212;C019
421213;C024
421214;C033
421221;E011
421222;B035
421223;B040
421224;B049
421231;E016
421232;B054
421233;B059
421234;B068
421241;E025
421242;B077
421243;B086
421244;B095
421311;J018
421312;C044
421313;C052
421314;C061
421321;E014
421322;B100
421323;B105
421324;B114
421331;E028
421332;B119
421333;B124
421334;B133
421341;E037
421342;B142
421343;B151
421344;B160
421411;J025
421412;C045
421413;C070
421414;C079
421421;E021
421422;B169
421423;B178
421424;B187
421431;E033
421432;B196
421433;B205
421434;B214
421441;E042
421442;B223
421443;B232
421444;B241
422111;I009
422112;G013
422113;G014
422114;G015
422121;C017
422122;B043
422123;B046
422124;B049
422131;C038
422132;B044
422133;B047
422134;B050
422141;C039
422142;B045
422143;B048
422144;B051
422211;H011
422212;B071
422213;B136
422214;B217
422221;B033
422222;A017
422223;A022
422224;A029
422231;B098
422232;A025
422233;A027
422234;A030
422241;B165
422242;A026
422243;A028
422244;A031
422311;H028
422312;B072
422313;B137
422314;B218
422321;B052
422322;A032
422323;A052
422324;A059
422331;B117
422332;A062
422333;A067
422334;A074
422341;B192
422342;A080
422343;A086
422344;A093
422411;H040
422412;B073
422413;B138
422414;B219
422421;B073
422422;A044
422423;A077
422424;A099
422431;B138
422432;A077
422433;A104
422434;A109
422441;B219
422442;A099
422443;A109
422444;A121
423111;I014
423112;G021
423113;G030
423114;G031
423121;C022
423122;B108
423123;B111
423124;B114
423131;C050
423132;B109
423133;B112
423134;B115
423141;C066
423142;B110
423143;B113
423144;B116
423211;H016
423212;B074
423213;B139
423214;B220
423221;B038
423222;A020
423223;A056
423224;A059
423231;B103
423232;A050
423233;A057
423234;A060
423241;B174
423242;A055
423243;A058
423244;A061
423311;H032
423312;B075
423313;B140
423314;B221
423321;B057
423322;A036
423323;A078
423324;A112
423331;B122
423332;A065
423333;A102
423334;A115
423341;B201
423342;A097
423343;A107
423344;A119
423411;H041
423412;B076
423413;B141
423414;B222
423421;B082
423422;A045
423423;A079
423424;A113
423431;B147
423432;A083
423433;A105
423434;A117
423441;B228
423442;A100
423443;A110
423444;A122
424111;I021
424112;G022
424113;G036
424114;G042
424121;C029
424122;B181
424123;B184
424124;B187
424131;C057
424132;B182
424133;B185
424134;B188
424141;C075
424142;B183
424143;B186
424144;B189
424211;H022
424212;B077
424213;B142
424214;B223
424221;B045
424222;A026
424223;A080
424224;A099
424231;B110
424232;A055
424233;A097
424234;A100
424241;B183
424242;A096
424243;A098
424244;A101
424311;H036
424312;B078
424313;B143
424314;B224
424321;B064
424322;A040
424323;A081
424324;A113
424331;B129
424332;A070
424333;A103
424334;A116
424341;B210
424342;A098
424343;A108
424344;A120
424411;H042
424412;B079
424413;B144
424414;B225
424421;B091
424422;A046
424423;A082
424424;A114
424431;B156
424432;A089
424433;A106
424434;A118
424441;B237
424442;A101
424443;A111
424444;A123
431112;I012
431113;I017
431114;I026
431121;J012
431122;H014
431123;H019
431124;H026
431131;J020
431132;H030
431133;H034
431134;H038
431141;J024
431142;H036
431143;H037
431144;H039
431211;J010
431212;C020
431213;C025
431214;C034
431221;E012
431222;B036
431223;B041
431224;B050
431231;E017
431232;B055
431233;B060
431234;B069
431241;E026
431242;B078
431243;B087
431244;B096
431311;J019
431312;C046
431313;C053
431314;C062
431321;E015
431322;B101
431323;B106
431324;B115
431331;E029
431332;B120
431333;B125
431334;B134
431341;E038
431342;B143
431343;B152
431344;B161
431411;J026
431412;C047
431413;C071
431414;C080
431421;E024
431422;B170
431423;B179
431424;B188
431431;E036
431432;B197
431433;B206
431434;B215
431441;E044
431442;B224
431443;B233
431444;B242
432111;I010
432112;G018
432113;G019
432114;G020
432121;C018
432122;B062
432123;B065
432124;B068
432131;C042
432132;B063
432133;B066
432134;B069
432141;C043
432142;B064
432143;B067
432144;B070
432211;H012
432212;B080
432213;B145
432214;B226
432221;B034
432222;A018
432223;A023
432224;A030
432231;B099
432232;A034
432233;A038
432234;A042
432241;B168
432242;A040
432243;A041
432244;A043
432311;H029
432312;B081
432313;B146
432314;B227
432321;B053
432322;A033
432323;A053
432324;A060
432331;B118
432332;A063
432333;A068
432334;A075
432341;B195
432342;A081
432343;A087
432344;A094
432411;H041
432412;B082
432413;B147
432414;B228
432421;B076
432422;A045
432423;A083
432424;A100
432431;B141
432432;A079
432433;A105
432434;A110
432441;B222
432442;A113
432443;A117
432444;A122
433111;I015
433112;G023
433113;G034
433114;G035
433121;C023
433122;B127
433123;B130
433124;B133
433131;C051
433132;B128
433133;B131
433134;B134
433141;C069
433142;B129
433143;B132
433144;B135
433211;H017
433212;B083
433213;B148
433214;B229
433221;B039
433222;A021
433223;A071
433224;A074
433231;B104
433232;A051
433233;A072
433234;A075
433241;B177
433242;A070
433243;A073
433244;A076
433311;H033
433312;B084
433313;B149
433314;B230
433321;B058
433322;A037
433323;A084
433324;A115
433331;B123
433332;A066
433333;A124
433334;A127
433341;B204
433342;A103
433343;A126
433344;A128
433411;H043
433412;B085
433413;B150
433414;B231
433421;B085
433422;A047
433423;A085
433424;A116
433431;B150
433432;A085
433433;A129
433434;A133
433441;B231
433442;A116
433443;A133
433444;A136
434111;I024
434112;G024
434113;G037
434114;G044
434121;C032
434122;B208
434123;B211
434124;B214
434131;C060
434132;B209
434133;B212
434134;B215
434141;C078
434142;B210
434143;B213
434144;B216
434211;H024
434212;B086
434213;B151
434214;B232
434221;B048
434222;A028
434223;A086
434224;A109
434231;B113
434232;A058
434233;A107
434234;A110
434241;B186
434242;A098
434243;A108
434244;A111
434311;H037
434312;B087
434313;B152
434314;B233
434321;B067
434322;A041
434323;A087
434324;A117
434331;B132
434332;A073
434333;A126
434334;A133
434341;B213
434342;A108
434343;A132
434344;A134
434411;H044
434412;B088
434413;B153
434414;B234
434421;B094
434422;A048
434423;A088
434424;A118
434431;B159
434432;A092
434433;A130
434434;A135
434441;B240
434442;A120
434443;A134
434444;A137
441112;I013
441113;I018
441114;I027
441121;J013
441122;H015
441123;H020
441124;H027
441131;J021
441132;H031
441133;H035
441134;H039
441141;J027
441142;H042
441143;H044
441144;H045
441211;J013
441212;C021
441213;C026
441214;C035
441221;E013
441222;B037
441223;B042
441224;B051
441231;E018
441232;B056
441233;B061
441234;B070
441241;E027
441242;B079
441243;B088
441244;B097
441311;J021
441312;C048
441313;C054
441314;C063
441321;E018
441322;B102
441323;B107
441324;B116
441331;E030
441332;B121
441333;B126
441334;B135
441341;E039
441342;B144
441343;B153
441344;B162
441411;J027
441412;C049
441413;C072
441414;C081
441421;E027
441422;B171
441423;B180
441424;B189
441431;E039
441432;B198
441433;B207
441434;B216
441441;E045
441442;B225
441443;B234
441444;B243
442111;I013
442112;G025
442113;G026
442114;G027
442121;C021
442122;B089
442123;B092
442124;B095
442131;C048
442132;B090
442133;B093
442134;B096
442141;C049
442142;B091
442143;B094
442144;B097
442211;H015
442212;B089
442213;B154
442214;B235
442221;B037
442222;A019
442223;A024
442224;A031
442231;B102
442232;A035
442233;A039
442234;A043
442241;B171
442242;A046
442243;A048
442244;A049
442311;H031
442312;B090
442313;B155
442314;B236
442321;B056
442322;A035
442323;A054
442324;A061
442331;B121
442332;A064
442333;A069
442334;A076
442341;B198
442342;A082
442343;A088
442344;A095
442411;H042
442412;B091
442413;B156
442414;B237
442421;B079
442422;A046
442423;A089
442424;A101
442431;B144
442432;A082
442433;A106
442434;A111
442441;B225
442442;A114
442443;A118
442444;A123
443111;I018
443112;G026
443113;G038
443114;G039
443121;C026
443122;B154
443123;B157
443124;B160
443131;C054
443132;B155
443133;B158
443134;B161
443141;C072
443142;B156
443143;B159
443144;B162
443211;H020
443212;B092
443213;B157
443214;B238
443221;B042
443222;A024
443223;A090
443224;A093
443231;B107
443232;A054
443233;A091
443234;A094
443241;B180
443242;A089
443243;A092
443244;A095
443311;H035
443312;B093
443313;B158
443314;B239
443321;B061
443322;A039
443323;A091
443324;A119
443331;B126
443332;A069
443333;A125
443334;A128
443341;B207
443342;A106
443343;A130
443344;A131
443411;H044
443412;B094
443413;B159
443414;B240
443421;B088
443422;A048
443423;A092
443424;A120
443431;B153
443432;A088
443433;A130
443434;A134
443441;B234
443442;A118
443443;A135
443444;A137
444111;I027
444112;G027
444113;G039
444114;G045
444121;C035
444122;B235
444123;B238
444124;B241
444131;C063
444132;B236
444133;B239
444134;B242
444141;C081
444142;B237
444143;B240
444144;B243
444211;H027
444212;B095
444213;B160
444214;B241
444221;B051
444222;A031
444223;A093
444224;A121
444231;B116
444232;A061
444233;A119
444234;A122
444241;B189
444242;A101
444243;A120
444244;A123
444311;H039
444312;B096
444313;B161
444314;B242
444321;B070
444322;A043
444323;A094
444324;A122
444331;B135
444332;A076
444333;A128
444334;A136
444341;B216
444342;A111
444343;A134
444344;A137
444411;H045
444412;B097
444413;B162
444414;B243
444421;B097
444422;A049
444423;A095
444424;A123
444431;B162
444432;A095
444433;A131
444434;A137
444441;B243
444442;A123
444443;A137
444444;A138
